Workbook

Sheet Daily Tracker
A1: Date | B1: Date | C1: New Members | D1: Members Left | E1: Active Members | F1: Posts | G1: Reactions | H1: Questions Asked | I1: Resources Shared | J1: Events Held | K1: Event Attendance
A2: 46209 | B2: MONDAY | C2: 27 | D2: 3 | G2: 13 | H2: 5
A3: 46210 | B3: TUESDAY | C3: 10 | D3: 3 | G3: 11 | H3: 4
A4: 46211 | B4: WEDNESDAY | C4: 14 | D4: 1 | G4: 16
A5: 46212 | B5: THURSDAY | C5: 7 | D5: 0 | G5: 13
A6: 46213 | B6: FRIDAY | C6: 11 | D6: 0
A7: 46223 | B7: MONDAY | C7: 19 | D7: 7 | F7: 4 | G7: 10
A8: 46224 | B8: TUESDAY | C8: 6 | D8: 9 | E8: 10 | F8: 6 | G8: 13
A9: 46225 | B9: WEDNESDAY | C9: 30 | D9: 2 | E9: 38 | F9: 12
A10: 46226 | B10: THURSDAY
A11: 46227 | B11: FRIDAY
A12: 46228 | B12: SATURDAY
A13: 46229 | B13: SUNDAY
A14: 46230 | B14: MONDAY
A15: 46231 | B15: TUESDAY
A16: 46232 | B16: WEDNESDAY
A17: 46233 | B17: THURSDAY
A18: 46234 | B18: FRIDAY
A19: 46235 | B19: SATURDAY
A20: 46236 | B20: SUNDAY
A21: 46237 | B21: MONDAY
... A187: 46403 | B187: SATURDAY

Sheet weekly Tracker
A1: Week | B1: Start Date | C1: End Date | D1: New Members | E1: Members Left | F1: Active Members | G1: Posts | H1: Reactions | I1: Questions Asked | J1: Resources Shared | K1: Events Held | L1: Event Attendance
A2: week 1 | B2: 46209 | C2: 46213 | D2: =SUMIFS('Daily Tracker'!C:C,'Daily Tracker'!A:A,">="&B2,'Daily Tracker'!A:A,"<="&C2) -> 69 | E2: =SUMIFS('Daily Tracker'!D:D,'Daily Tracker'!A:A,">="&B2,'Daily Tracker'!A:A,"<="&C2) -> 7 | F2: =SUMIFS('Daily Tracker'!E:E,'Daily Tracker'!A:A,">="&B2,'Daily Tracker'!A:A,"<="&C2) -> 0 | G2: =SUMIFS('Daily Tracker'!F:F,'Daily Tracker'!A:A,">="&B2,'Daily Tracker'!A:A,"<="&C2) -> 0 | H2: =SUMIFS('Daily Tracker'!G:G,'Daily Tracker'!A:A,">="&B2,'Daily Tracker'!A:A,"<="&C2) -> 53 | I2: =SUMIFS('Daily Tracker'!H:H,'Daily Tracker'!A:A,">="&B2,'Daily Tracker'!A:A,"<="&C2) -> 9 | J2: =SUMIFS('Daily Tracker'!I:I,'Daily Tracker'!A:A,">="&B2,'Daily Tracker'!A:A,"<="&C2) -> 0
A3: week 2 | B3: 46223 | C3: 46227 | D3: =SUMIFS('Daily Tracker'!C:C,'Daily Tracker'!A:A,">="&B3,'Daily Tracker'!A:A,"<="&C3) -> 55 | E3: =SUMIFS('Daily Tracker'!D:D,'Daily Tracker'!A:A,">="&B3,'Daily Tracker'!A:A,"<="&C3) -> 18 | F3: =SUMIFS('Daily Tracker'!E:E,'Daily Tracker'!A:A,">="&B3,'Daily Tracker'!A:A,"<="&C3) -> 48 | G3: =SUMIFS('Daily Tracker'!F:F,'Daily Tracker'!A:A,">="&B3,'Daily Tracker'!A:A,"<="&C3) -> 22 | H3: =SUMIFS('Daily Tracker'!G:G,'Daily Tracker'!A:A,">="&B3,'Daily Tracker'!A:A,"<="&C3) -> 23 | I3: =SUMIFS('Daily Tracker'!H:H,'Daily Tracker'!A:A,">="&B3,'Daily Tracker'!A:A,"<="&C3) -> 0 | J3: =SUMIFS('Daily Tracker'!I:I,'Daily Tracker'!A:A,">="&B3,'Daily Tracker'!A:A,"<="&C3) -> 0
A4: week 3 | D4: =SUMIFS('Daily Tracker'!C:C,'Daily Tracker'!A:A,">="&B4,'Daily Tracker'!A:A,"<="&C4) -> 0 | E4: =SUMIFS('Daily Tracker'!D:D,'Daily Tracker'!A:A,">="&B4,'Daily Tracker'!A:A,"<="&C4) -> 0 | F4: =SUMIFS('Daily Tracker'!E:E,'Daily Tracker'!A:A,">="&B4,'Daily Tracker'!A:A,"<="&C4) -> 0 | G4: =SUMIFS('Daily Tracker'!F:F,'Daily Tracker'!A:A,">="&B4,'Daily Tracker'!A:A,"<="&C4) -> 0 | H4: =SUMIFS('Daily Tracker'!G:G,'Daily Tracker'!A:A,">="&B4,'Daily Tracker'!A:A,"<="&C4) -> 0 | I4: =SUMIFS('Daily Tracker'!H:H,'Daily Tracker'!A:A,">="&B4,'Daily Tracker'!A:A,"<="&C4) -> 0 | J4: =SUMIFS('Daily Tracker'!I:I,'Daily Tracker'!A:A,">="&B4,'Daily Tracker'!A:A,"<="&C4) -> 0
A5: week 4 | D5: =SUMIFS('Daily Tracker'!C:C,'Daily Tracker'!A:A,">="&B5,'Daily Tracker'!A:A,"<="&C5) -> 0 | E5: =SUMIFS('Daily Tracker'!D:D,'Daily Tracker'!A:A,">="&B5,'Daily Tracker'!A:A,"<="&C5) -> 0 | F5: =SUMIFS('Daily Tracker'!E:E,'Daily Tracker'!A:A,">="&B5,'Daily Tracker'!A:A,"<="&C5) -> 0 | G5: =SUMIFS('Daily Tracker'!F:F,'Daily Tracker'!A:A,">="&B5,'Daily Tracker'!A:A,"<="&C5) -> 0 | H5: =SUMIFS('Daily Tracker'!G:G,'Daily Tracker'!A:A,">="&B5,'Daily Tracker'!A:A,"<="&C5) -> 0 | I5: =SUMIFS('Daily Tracker'!H:H,'Daily Tracker'!A:A,">="&B5,'Daily Tracker'!A:A,"<="&C5) -> 0 | J5: =SUMIFS('Daily Tracker'!I:I,'Daily Tracker'!A:A,">="&B5,'Daily Tracker'!A:A,"<="&C5) -> 0
A6: week 5 | D6: =SUMIFS('Daily Tracker'!C:C,'Daily Tracker'!A:A,">="&B6,'Daily Tracker'!A:A,"<="&C6) -> 0 | E6: =SUMIFS('Daily Tracker'!D:D,'Daily Tracker'!A:A,">="&B6,'Daily Tracker'!A:A,"<="&C6) -> 0 | F6: =SUMIFS('Daily Tracker'!E:E,'Daily Tracker'!A:A,">="&B6,'Daily Tracker'!A:A,"<="&C6) -> 0 | G6: =SUMIFS('Daily Tracker'!F:F,'Daily Tracker'!A:A,">="&B6,'Daily Tracker'!A:A,"<="&C6) -> 0 | H6: =SUMIFS('Daily Tracker'!G:G,'Daily Tracker'!A:A,">="&B6,'Daily Tracker'!A:A,"<="&C6) -> 0 | I6: =SUMIFS('Daily Tracker'!H:H,'Daily Tracker'!A:A,">="&B6,'Daily Tracker'!A:A,"<="&C6) -> 0 | J6: =SUMIFS('Daily Tracker'!I:I,'Daily Tracker'!A:A,">="&B6,'Daily Tracker'!A:A,"<="&C6) -> 0
A7: week 6 | D7: =SUMIFS('Daily Tracker'!C:C,'Daily Tracker'!A:A,">="&B7,'Daily Tracker'!A:A,"<="&C7) -> 0 | E7: =SUMIFS('Daily Tracker'!D:D,'Daily Tracker'!A:A,">="&B7,'Daily Tracker'!A:A,"<="&C7) -> 0 | F7: =SUMIFS('Daily Tracker'!E:E,'Daily Tracker'!A:A,">="&B7,'Daily Tracker'!A:A,"<="&C7) -> 0 | G7: =SUMIFS('Daily Tracker'!F:F,'Daily Tracker'!A:A,">="&B7,'Daily Tracker'!A:A,"<="&C7) -> 0 | H7: =SUMIFS('Daily Tracker'!G:G,'Daily Tracker'!A:A,">="&B7,'Daily Tracker'!A:A,"<="&C7) -> 0 | I7: =SUMIFS('Daily Tracker'!H:H,'Daily Tracker'!A:A,">="&B7,'Daily Tracker'!A:A,"<="&C7) -> 0 | J7: =SUMIFS('Daily Tracker'!I:I,'Daily Tracker'!A:A,">="&B7,'Daily Tracker'!A:A,"<="&C7) -> 0
A8: week 7 | D8: =SUMIFS('Daily Tracker'!C:C,'Daily Tracker'!A:A,">="&B8,'Daily Tracker'!A:A,"<="&C8) -> 0 | E8: =SUMIFS('Daily Tracker'!D:D,'Daily Tracker'!A:A,">="&B8,'Daily Tracker'!A:A,"<="&C8) -> 0 | F8: =SUMIFS('Daily Tracker'!E:E,'Daily Tracker'!A:A,">="&B8,'Daily Tracker'!A:A,"<="&C8) -> 0 | G8: =SUMIFS('Daily Tracker'!F:F,'Daily Tracker'!A:A,">="&B8,'Daily Tracker'!A:A,"<="&C8) -> 0 | H8: =SUMIFS('Daily Tracker'!G:G,'Daily Tracker'!A:A,">="&B8,'Daily Tracker'!A:A,"<="&C8) -> 0 | I8: =SUMIFS('Daily Tracker'!H:H,'Daily Tracker'!A:A,">="&B8,'Daily Tracker'!A:A,"<="&C8) -> 0 | J8: =SUMIFS('Daily Tracker'!I:I,'Daily Tracker'!A:A,">="&B8,'Daily Tracker'!A:A,"<="&C8) -> 0
A9: week 8 | D9: =SUMIFS('Daily Tracker'!C:C,'Daily Tracker'!A:A,">="&B9,'Daily Tracker'!A:A,"<="&C9) -> 0 | E9: =SUMIFS('Daily Tracker'!D:D,'Daily Tracker'!A:A,">="&B9,'Daily Tracker'!A:A,"<="&C9) -> 0 | F9: =SUMIFS('Daily Tracker'!E:E,'Daily Tracker'!A:A,">="&B9,'Daily Tracker'!A:A,"<="&C9) -> 0 | G9: =SUMIFS('Daily Tracker'!F:F,'Daily Tracker'!A:A,">="&B9,'Daily Tracker'!A:A,"<="&C9) -> 0 | H9: =SUMIFS('Daily Tracker'!G:G,'Daily Tracker'!A:A,">="&B9,'Daily Tracker'!A:A,"<="&C9) -> 0 | I9: =SUMIFS('Daily Tracker'!H:H,'Daily Tracker'!A:A,">="&B9,'Daily Tracker'!A:A,"<="&C9) -> 0 | J9: =SUMIFS('Daily Tracker'!I:I,'Daily Tracker'!A:A,">="&B9,'Daily Tracker'!A:A,"<="&C9) -> 0
A10: week 9
A11: week 10
A12: week 11
A13: week 12
A14: week 13
A15: week 14
A16: week 15
A17: week 16
A18: week 17
A19: week 18
A20: week 19
A21: week 20
... A71: week 70

Sheet MOnthly Tracker
A1: Months | B1: New Members | C1: Members Left | D1: Active Members | E1: Posts | F1: Reactions | G1: Questions Asked | H1: Resources Shared
A2: July | B2: =IFERROR(__xludf.DUMMYFUNCTION("SUM(FILTER('Daily Tracker'!C:C,TEXT('Daily Tracker'!A:A,""mmmm"")=A2))"),124.0) -> 124 | C2: =IFERROR(__xludf.DUMMYFUNCTION("SUM(FILTER('Daily Tracker'!D:D,TEXT('Daily Tracker'!A:A,""mmmm"")=A2))"),25.0) -> 25 | D2: =IFERROR(__xludf.DUMMYFUNCTION("SUM(FILTER('Daily Tracker'!E:E,TEXT('Daily Tracker'!A:A,""mmmm"")=A2))"),48.0) -> 48 | E2: =IFERROR(__xludf.DUMMYFUNCTION("SUM(FILTER('Daily Tracker'!F:F,TEXT('Daily Tracker'!A:A,""mmmm"")=A2))"),22.0) -> 22 | F2: =IFERROR(__xludf.DUMMYFUNCTION("SUM(FILTER('Daily Tracker'!G:G,TEXT('Daily Tracker'!A:A,""mmmm"")=A2))"),76.0) -> 76 | G2: =IFERROR(__xludf.DUMMYFUNCTION("SUM(FILTER('Daily Tracker'!H:H,TEXT('Daily Tracker'!A:A,""mmmm"")=A2))"),9.0) -> 9 | H2: =IFERROR(__xludf.DUMMYFUNCTION("SUM(FILTER('Daily Tracker'!I:I,TEXT('Daily Tracker'!A:A,""mmmm"")=A2))"),0.0) -> 0
A3: August | B3: =IFERROR(__xludf.DUMMYFUNCTION("SUM(FILTER('Daily Tracker'!C:C,TEXT('Daily Tracker'!A:A,""mmmm"")=A3))"),0.0) -> 0 | C3: =IFERROR(__xludf.DUMMYFUNCTION("SUM(FILTER('Daily Tracker'!D:D,TEXT('Daily Tracker'!A:A,""mmmm"")=A3))"),0.0) -> 0 | D3: =IFERROR(__xludf.DUMMYFUNCTION("SUM(FILTER('Daily Tracker'!E:E,TEXT('Daily Tracker'!A:A,""mmmm"")=A3))"),0.0) -> 0 | E3: =IFERROR(__xludf.DUMMYFUNCTION("SUM(FILTER('Daily Tracker'!F:F,TEXT('Daily Tracker'!A:A,""mmmm"")=A3))"),0.0) -> 0 | F3: =IFERROR(__xludf.DUMMYFUNCTION("SUM(FILTER('Daily Tracker'!G:G,TEXT('Daily Tracker'!A:A,""mmmm"")=A3))"),0.0) -> 0 | G3: =IFERROR(__xludf.DUMMYFUNCTION("SUM(FILTER('Daily Tracker'!H:H,TEXT('Daily Tracker'!A:A,""mmmm"")=A3))"),0.0) -> 0 | H3: =IFERROR(__xludf.DUMMYFUNCTION("SUM(FILTER('Daily Tracker'!I:I,TEXT('Daily Tracker'!A:A,""mmmm"")=A3))"),0.0) -> 0
A4: September | B4: =IFERROR(__xludf.DUMMYFUNCTION("SUM(FILTER('Daily Tracker'!C:C,TEXT('Daily Tracker'!A:A,""mmmm"")=A4))"),0.0) -> 0 | C4: =IFERROR(__xludf.DUMMYFUNCTION("SUM(FILTER('Daily Tracker'!D:D,TEXT('Daily Tracker'!A:A,""mmmm"")=A4))"),0.0) -> 0 | D4: =IFERROR(__xludf.DUMMYFUNCTION("SUM(FILTER('Daily Tracker'!E:E,TEXT('Daily Tracker'!A:A,""mmmm"")=A4))"),0.0) -> 0 | E4: =IFERROR(__xludf.DUMMYFUNCTION("SUM(FILTER('Daily Tracker'!F:F,TEXT('Daily Tracker'!A:A,""mmmm"")=A4))"),0.0) -> 0 | F4: =IFERROR(__xludf.DUMMYFUNCTION("SUM(FILTER('Daily Tracker'!G:G,TEXT('Daily Tracker'!A:A,""mmmm"")=A4))"),0.0) -> 0 | G4: =IFERROR(__xludf.DUMMYFUNCTION("SUM(FILTER('Daily Tracker'!H:H,TEXT('Daily Tracker'!A:A,""mmmm"")=A4))"),0.0) -> 0 | H4: =IFERROR(__xludf.DUMMYFUNCTION("SUM(FILTER('Daily Tracker'!I:I,TEXT('Daily Tracker'!A:A,""mmmm"")=A4))"),0.0) -> 0
A5: October | B5: =IFERROR(__xludf.DUMMYFUNCTION("SUM(FILTER('Daily Tracker'!C:C,TEXT('Daily Tracker'!A:A,""mmmm"")=A5))"),0.0) -> 0 | C5: =IFERROR(__xludf.DUMMYFUNCTION("SUM(FILTER('Daily Tracker'!D:D,TEXT('Daily Tracker'!A:A,""mmmm"")=A5))"),0.0) -> 0 | D5: =IFERROR(__xludf.DUMMYFUNCTION("SUM(FILTER('Daily Tracker'!E:E,TEXT('Daily Tracker'!A:A,""mmmm"")=A5))"),0.0) -> 0 | E5: =IFERROR(__xludf.DUMMYFUNCTION("SUM(FILTER('Daily Tracker'!F:F,TEXT('Daily Tracker'!A:A,""mmmm"")=A5))"),0.0) -> 0 | F5: =IFERROR(__xludf.DUMMYFUNCTION("SUM(FILTER('Daily Tracker'!G:G,TEXT('Daily Tracker'!A:A,""mmmm"")=A5))"),0.0) -> 0 | G5: =IFERROR(__xludf.DUMMYFUNCTION("SUM(FILTER('Daily Tracker'!H:H,TEXT('Daily Tracker'!A:A,""mmmm"")=A5))"),0.0) -> 0 | H5: =IFERROR(__xludf.DUMMYFUNCTION("SUM(FILTER('Daily Tracker'!I:I,TEXT('Daily Tracker'!A:A,""mmmm"")=A5))"),0.0) -> 0
A6: November | B6: =IFERROR(__xludf.DUMMYFUNCTION("SUM(FILTER('Daily Tracker'!C:C,TEXT('Daily Tracker'!A:A,""mmmm"")=A6))"),0.0) -> 0 | C6: =IFERROR(__xludf.DUMMYFUNCTION("SUM(FILTER('Daily Tracker'!D:D,TEXT('Daily Tracker'!A:A,""mmmm"")=A6))"),0.0) -> 0 | D6: =IFERROR(__xludf.DUMMYFUNCTION("SUM(FILTER('Daily Tracker'!E:E,TEXT('Daily Tracker'!A:A,""mmmm"")=A6))"),0.0) -> 0 | E6: =IFERROR(__xludf.DUMMYFUNCTION("SUM(FILTER('Daily Tracker'!F:F,TEXT('Daily Tracker'!A:A,""mmmm"")=A6))"),0.0) -> 0 | F6: =IFERROR(__xludf.DUMMYFUNCTION("SUM(FILTER('Daily Tracker'!G:G,TEXT('Daily Tracker'!A:A,""mmmm"")=A6))"),0.0) -> 0 | G6: =IFERROR(__xludf.DUMMYFUNCTION("SUM(FILTER('Daily Tracker'!H:H,TEXT('Daily Tracker'!A:A,""mmmm"")=A6))"),0.0) -> 0 | H6: =IFERROR(__xludf.DUMMYFUNCTION("SUM(FILTER('Daily Tracker'!I:I,TEXT('Daily Tracker'!A:A,""mmmm"")=A6))"),0.0) -> 0
A7: December | B7: =IFERROR(__xludf.DUMMYFUNCTION("SUM(FILTER('Daily Tracker'!C:C,TEXT('Daily Tracker'!A:A,""mmmm"")=A7))"),0.0) -> 0 | C7: =IFERROR(__xludf.DUMMYFUNCTION("SUM(FILTER('Daily Tracker'!D:D,TEXT('Daily Tracker'!A:A,""mmmm"")=A7))"),0.0) -> 0 | D7: =IFERROR(__xludf.DUMMYFUNCTION("SUM(FILTER('Daily Tracker'!E:E,TEXT('Daily Tracker'!A:A,""mmmm"")=A7))"),0.0) -> 0 | E7: =IFERROR(__xludf.DUMMYFUNCTION("SUM(FILTER('Daily Tracker'!F:F,TEXT('Daily Tracker'!A:A,""mmmm"")=A7))"),0.0) -> 0 | F7: =IFERROR(__xludf.DUMMYFUNCTION("SUM(FILTER('Daily Tracker'!G:G,TEXT('Daily Tracker'!A:A,""mmmm"")=A7))"),0.0) -> 0 | G7: =IFERROR(__xludf.DUMMYFUNCTION("SUM(FILTER('Daily Tracker'!H:H,TEXT('Daily Tracker'!A:A,""mmmm"")=A7))"),0.0) -> 0 | H7: =IFERROR(__xludf.DUMMYFUNCTION("SUM(FILTER('Daily Tracker'!I:I,TEXT('Daily Tracker'!A:A,""mmmm"")=A7))"),0.0) -> 0
